{
  "eye": {
    "orientation": [
      0.07917813956737518,
      0,
      0,
      0.9968605041503906
    ],
    "magnitude": 1,
    "position": [
      0,
      -69.99653625488281,
      437.85614013671875
    ]
  },
  "radius": 256,
  "type": "ORTHOGRAPHIC"
}